Plate information ,,,,,,,,,,,,,,,,,,,,,,,,
Plate,Repeat,Barcode,Measured height,Chamber temperature at start,Chamber temperature at end,Humidity at start,Humidity at end,Ambient temperature at start,Ambient temperature at end,Measurement date,,,,,,,,,,,,,,
1,1,,14.94,22.32,22.15,25.1,25.1,22.62,22.54,12/13/2021 1:16:25 PM,,,,,,,,,,,,,,
,,,,,,,,,,,,,,,,,,,,,,,,
,,,,,,,,,,,,,,,,,,,,,,,,
Background information,,,,,,,,,,,,,,,,,,,,,,,,
Plate,Label,Result,Signal,Flashes/Time,Meastime,MeasInfo,,,,,,,,,,,,,,,,,,
1,LUM 01sec,0,0,0.1,00:00.0,De=1st Ex=N/A Em=Top Wdw=N/A,,,,,,,,,,,,,,,,,,
,,,,,,,,,,,,,,,,,,,,,,,,
PlateNumber,PlateRepeat,Barcode,Group,Well,Sample,Label,Kinetic,ScanX,ScanY,MeasInfo,MeasTime,Signal,Flashes/Time,Result,Formula,,,,,,,,,
1,1,,1,A01,-,LUM 01sec(1),0,0,0,De=1st Ex=N/A Em=Top Wdw=N/A,00:00.0,7684,0.1,76840,76840,,,,,,,,,
1,1,,1,A02,-,LUM 01sec(1),0,0,0,De=1st Ex=N/A Em=Top Wdw=N/A,00:00.2,8788,0.1,87880,87880,,,,,,,,,
1,1,,1,A03,-,LUM 01sec(1),0,0,0,De=1st Ex=N/A Em=Top Wdw=N/A,00:00.4,8960,0.1,89600,89600,,,,,,,,,
1,1,,1,A04,-,LUM 01sec(1),0,0,0,De=1st Ex=N/A Em=Top Wdw=N/A,00:00.6,8316,0.1,83160,83160,,,,,,,,,
1,1,,1,A05,-,LUM 01sec(1),0,0,0,De=1st Ex=N/A Em=Top Wdw=N/A,00:00.8,7860,0.1,78600,78600,,,,,,,,,
1,1,,1,A06,-,LUM 01sec(1),0,0,0,De=1st Ex=N/A Em=Top Wdw=N/A,00:01.0,8932,0.1,89320,89320,,,,,,,,,
1,1,,1,A07,-,LUM 01sec(1),0,0,0,De=1st Ex=N/A Em=Top Wdw=N/A,00:01.2,8376,0.1,83760,83760,,,,,,,,,
1,1,,1,A08,-,LUM 01sec(1),0,0,0,De=1st Ex=N/A Em=Top Wdw=N/A,00:01.3,8308,0.1,83080,83080,,,,,,,,,
1,1,,1,A09,-,LUM 01sec(1),0,0,0,De=1st Ex=N/A Em=Top Wdw=N/A,00:01.5,8440,0.1,84400,84400,,,,,,,,,
1,1,,1,A10,-,LUM 01sec(1),0,0,0,De=1st Ex=N/A Em=Top Wdw=N/A,00:01.7,8288,0.1,82880,82880,,,,,,,,,
1,1,,1,A11,-,LUM 01sec(1),0,0,0,De=1st Ex=N/A Em=Top Wdw=N/A,00:01.9,7872,0.1,78720,78720,,,,,,,,,
1,1,,1,A12,-,LUM 01sec(1),0,0,0,De=1st Ex=N/A Em=Top Wdw=N/A,00:02.1,8408,0.1,84080,84080,,,,,,,,,
1,1,,1,A13,-,LUM 01sec(1),0,0,0,De=1st Ex=N/A Em=Top Wdw=N/A,00:02.3,8100,0.1,81000,81000,,,,,,,,,
1,1,,1,A14,-,LUM 01sec(1),0,0,0,De=1st Ex=N/A Em=Top Wdw=N/A,00:02.5,8536,0.1,85360,85360,,,,,,,,,
1,1,,1,A15,-,LUM 01sec(1),0,0,0,De=1st Ex=N/A Em=Top Wdw=N/A,00:02.7,8368,0.1,83680,83680,,,,,,,,,
1,1,,1,A16,-,LUM 01sec(1),0,0,0,De=1st Ex=N/A Em=Top Wdw=N/A,00:02.9,8372,0.1,83720,83720,,,,,,,,,
1,1,,1,A17,-,LUM 01sec(1),0,0,0,De=1st Ex=N/A Em=Top Wdw=N/A,00:03.1,8196,0.1,81960,81960,,,,,,,,,
1,1,,1,A18,-,LUM 01sec(1),0,0,0,De=1st Ex=N/A Em=Top Wdw=N/A,00:03.3,8304,0.1,83040,83040,,,,,,,,,
1,1,,1,A19,-,LUM 01sec(1),0,0,0,De=1st Ex=N/A Em=Top Wdw=N/A,00:03.5,8304,0.1,83040,83040,,,,,,,,,
1,1,,1,A20,-,LUM 01sec(1),0,0,0,De=1st Ex=N/A Em=Top Wdw=N/A,00:03.6,8136,0.1,81360,81360,,,,,,,,,
1,1,,1,A21,-,LUM 01sec(1),0,0,0,De=1st Ex=N/A Em=Top Wdw=N/A,00:03.8,7708,0.1,77080,77080,,,,,,,,,
1,1,,1,A22,-,LUM 01sec(1),0,0,0,De=1st Ex=N/A Em=Top Wdw=N/A,00:04.0,8004,0.1,80040,80040,,,,,,,,,
1,1,,1,A23,-,LUM 01sec(1),0,0,0,De=1st Ex=N/A Em=Top Wdw=N/A,00:04.2,64,0.1,640,77760,,,,,,,,,
1,1,,1,A24,-,LUM 01sec(1),0,0,0,De=1st Ex=N/A Em=Top Wdw=N/A,00:04.4,7776,0.1,77760,640,,,,,,,,,
1,1,,1,B01,-,LUM 01sec(1),0,0,0,De=1st Ex=N/A Em=Top Wdw=N/A,00:09.1,8540,0.1,85400,85400,,,,,,,,,
1,1,,1,B02,-,LUM 01sec(1),0,0,0,De=1st Ex=N/A Em=Top Wdw=N/A,00:08.9,8840,0.1,88400,88400,,,,,,,,,
1,1,,1,B03,-,LUM 01sec(1),0,0,0,De=1st Ex=N/A Em=Top Wdw=N/A,00:08.7,7788,0.1,77880,77880,,,,,,,,,
1,1,,1,B04,-,LUM 01sec(1),0,0,0,De=1st Ex=N/A Em=Top Wdw=N/A,00:08.5,8384,0.1,83840,83840,,,,,,,,,
1,1,,1,B05,-,LUM 01sec(1),0,0,0,De=1st Ex=N/A Em=Top Wdw=N/A,00:08.3,8424,0.1,84240,84240,,,,,,,,,
1,1,,1,B06,-,LUM 01sec(1),0,0,0,De=1st Ex=N/A Em=Top Wdw=N/A,00:08.1,8072,0.1,80720,80720,,,,,,,,,
1,1,,1,B07,-,LUM 01sec(1),0,0,0,De=1st Ex=N/A Em=Top Wdw=N/A,00:07.9,8940,0.1,89400,89400,,,,,,,,,
1,1,,1,B08,-,LUM 01sec(1),0,0,0,De=1st Ex=N/A Em=Top Wdw=N/A,00:07.7,8096,0.1,80960,80960,,,,,,,,,
1,1,,1,B09,-,LUM 01sec(1),0,0,0,De=1st Ex=N/A Em=Top Wdw=N/A,00:07.5,8024,0.1,80240,80240,,,,,,,,,
1,1,,1,B10,-,LUM 01sec(1),0,0,0,De=1st Ex=N/A Em=Top Wdw=N/A,00:07.4,8044,0.1,80440,80440,,,,,,,,,
1,1,,1,B11,-,LUM 01sec(1),0,0,0,De=1st Ex=N/A Em=Top Wdw=N/A,00:07.2,8204,0.1,82040,82040,,,,,,,,,
1,1,,1,B12,-,LUM 01sec(1),0,0,0,De=1st Ex=N/A Em=Top Wdw=N/A,00:07.0,7488,0.1,74880,74880,,,,,,,,,
1,1,,1,B13,-,LUM 01sec(1),0,0,0,De=1st Ex=N/A Em=Top Wdw=N/A,00:06.8,8300,0.1,83000,83000,,,,,,,,,
1,1,,1,B14,-,LUM 01sec(1),0,0,0,De=1st Ex=N/A Em=Top Wdw=N/A,00:06.6,9468,0.1,94680,94680,,,,,,,,,
1,1,,1,B15,-,LUM 01sec(1),0,0,0,De=1st Ex=N/A Em=Top Wdw=N/A,00:06.4,8512,0.1,85120,85120,,,,,,,,,
1,1,,1,B16,-,LUM 01sec(1),0,0,0,De=1st Ex=N/A Em=Top Wdw=N/A,00:06.2,8384,0.1,83840,83840,,,,,,,,,
1,1,,1,B17,-,LUM 01sec(1),0,0,0,De=1st Ex=N/A Em=Top Wdw=N/A,00:06.0,8308,0.1,83080,83080,,,,,,,,,
1,1,,1,B18,-,LUM 01sec(1),0,0,0,De=1st Ex=N/A Em=Top Wdw=N/A,00:05.8,8072,0.1,80720,80720,,,,,,,,,
1,1,,1,B19,-,LUM 01sec(1),0,0,0,De=1st Ex=N/A Em=Top Wdw=N/A,00:05.6,7340,0.1,73400,73400,,,,,,,,,
1,1,,1,B20,-,LUM 01sec(1),0,0,0,De=1st Ex=N/A Em=Top Wdw=N/A,00:05.4,7860,0.1,78600,78600,,,,,,,,,
1,1,,1,B21,-,LUM 01sec(1),0,0,0,De=1st Ex=N/A Em=Top Wdw=N/A,00:05.2,8012,0.1,80120,80120,,,,,,,,,
1,1,,1,B22,-,LUM 01sec(1),0,0,0,De=1st Ex=N/A Em=Top Wdw=N/A,00:05.1,8356,0.1,83560,83560,,,,,,,,,
1,1,,1,B23,-,LUM 01sec(1),0,0,0,De=1st Ex=N/A Em=Top Wdw=N/A,00:04.9,88,0.1,880,85800,,,,,,,,,
1,1,,1,B24,-,LUM 01sec(1),0,0,0,De=1st Ex=N/A Em=Top Wdw=N/A,00:04.7,8580,0.1,85800,880,,,,,,,,,
1,1,,1,C01,-,LUM 01sec(1),0,0,0,De=1st Ex=N/A Em=Top Wdw=N/A,00:09.3,8712,0.1,87120,87120,,,,,,,,,
1,1,,1,C02,-,LUM 01sec(1),0,0,0,De=1st Ex=N/A Em=Top Wdw=N/A,00:09.5,9116,0.1,91160,91160,,,,,,,,,
1,1,,1,C03,-,LUM 01sec(1),0,0,0,De=1st Ex=N/A Em=Top Wdw=N/A,00:09.7,9084,0.1,90840,90840,,,,,,,,,
1,1,,1,C04,-,LUM 01sec(1),0,0,0,De=1st Ex=N/A Em=Top Wdw=N/A,00:09.9,8784,0.1,87840,87840,,,,,,,,,
1,1,,1,C05,-,LUM 01sec(1),0,0,0,De=1st Ex=N/A Em=Top Wdw=N/A,00:10.1,9164,0.1,91640,91640,,,,,,,,,
1,1,,1,C06,-,LUM 01sec(1),0,0,0,De=1st Ex=N/A Em=Top Wdw=N/A,00:10.3,9160,0.1,91600,91600,,,,,,,,,
1,1,,1,C07,-,LUM 01sec(1),0,0,0,De=1st Ex=N/A Em=Top Wdw=N/A,00:10.5,8724,0.1,87240,87240,,,,,,,,,
1,1,,1,C08,-,LUM 01sec(1),0,0,0,De=1st Ex=N/A Em=Top Wdw=N/A,00:10.7,9268,0.1,92680,92680,,,,,,,,,
1,1,,1,C09,-,LUM 01sec(1),0,0,0,De=1st Ex=N/A Em=Top Wdw=N/A,00:10.9,8496,0.1,84960,84960,,,,,,,,,
1,1,,1,C10,-,LUM 01sec(1),0,0,0,De=1st Ex=N/A Em=Top Wdw=N/A,00:11.1,9140,0.1,91400,91400,,,,,,,,,
1,1,,1,C11,-,LUM 01sec(1),0,0,0,De=1st Ex=N/A Em=Top Wdw=N/A,00:11.2,8848,0.1,88480,88480,,,,,,,,,
1,1,,1,C12,-,LUM 01sec(1),0,0,0,De=1st Ex=N/A Em=Top Wdw=N/A,00:11.4,8784,0.1,87840,87840,,,,,,,,,
1,1,,1,C13,-,LUM 01sec(1),0,0,0,De=1st Ex=N/A Em=Top Wdw=N/A,00:11.6,8736,0.1,87360,87360,,,,,,,,,
1,1,,1,C14,-,LUM 01sec(1),0,0,0,De=1st Ex=N/A Em=Top Wdw=N/A,00:11.8,9272,0.1,92720,92720,,,,,,,,,
1,1,,1,C15,-,LUM 01sec(1),0,0,0,De=1st Ex=N/A Em=Top Wdw=N/A,00:12.0,8728,0.1,87280,87280,,,,,,,,,
1,1,,1,C16,-,LUM 01sec(1),0,0,0,De=1st Ex=N/A Em=Top Wdw=N/A,00:12.2,8820,0.1,88200,88200,,,,,,,,,
1,1,,1,C17,-,LUM 01sec(1),0,0,0,De=1st Ex=N/A Em=Top Wdw=N/A,00:12.4,9244,0.1,92440,92440,,,,,,,,,
1,1,,1,C18,-,LUM 01sec(1),0,0,0,De=1st Ex=N/A Em=Top Wdw=N/A,00:12.6,8476,0.1,84760,84760,,,,,,,,,
1,1,,1,C19,-,LUM 01sec(1),0,0,0,De=1st Ex=N/A Em=Top Wdw=N/A,00:12.8,8844,0.1,88440,88440,,,,,,,,,
1,1,,1,C20,-,LUM 01sec(1),0,0,0,De=1st Ex=N/A Em=Top Wdw=N/A,00:13.0,8272,0.1,82720,82720,,,,,,,,,
1,1,,1,C21,-,LUM 01sec(1),0,0,0,De=1st Ex=N/A Em=Top Wdw=N/A,00:13.2,8084,0.1,80840,80840,,,,,,,,,
1,1,,1,C22,-,LUM 01sec(1),0,0,0,De=1st Ex=N/A Em=Top Wdw=N/A,00:13.4,8476,0.1,84760,84760,,,,,,,,,
1,1,,1,C23,-,LUM 01sec(1),0,0,0,De=1st Ex=N/A Em=Top Wdw=N/A,00:13.6,92,0.1,920,86840,,,,,,,,,
1,1,,1,C24,-,LUM 01sec(1),0,0,0,De=1st Ex=N/A Em=Top Wdw=N/A,00:13.7,8684,0.1,86840,920,,,,,,,,,
1,1,,1,D01,-,LUM 01sec(1),0,0,0,De=1st Ex=N/A Em=Top Wdw=N/A,00:18.4,8964,0.1,89640,89640,,,,,,,,,
1,1,,1,D02,-,LUM 01sec(1),0,0,0,De=1st Ex=N/A Em=Top Wdw=N/A,00:18.2,9012,0.1,90120,90120,,,,,,,,,
1,1,,1,D03,-,LUM 01sec(1),0,0,0,De=1st Ex=N/A Em=Top Wdw=N/A,00:18.0,8360,0.1,83600,83600,,,,,,,,,
1,1,,1,D04,-,LUM 01sec(1),0,0,0,De=1st Ex=N/A Em=Top Wdw=N/A,00:17.8,8948,0.1,89480,89480,,,,,,,,,
1,1,,1,D05,-,LUM 01sec(1),0,0,0,De=1st Ex=N/A Em=Top Wdw=N/A,00:17.6,8000,0.1,80000,80000,,,,,,,,,
1,1,,1,D06,-,LUM 01sec(1),0,0,0,De=1st Ex=N/A Em=Top Wdw=N/A,00:17.4,8716,0.1,87160,87160,,,,,,,,,
1,1,,1,D07,-,LUM 01sec(1),0,0,0,De=1st Ex=N/A Em=Top Wdw=N/A,00:17.3,8516,0.1,85160,85160,,,,,,,,,
1,1,,1,D08,-,LUM 01sec(1),0,0,0,De=1st Ex=N/A Em=Top Wdw=N/A,00:17.1,8448,0.1,84480,84480,,,,,,,,,
1,1,,1,D09,-,LUM 01sec(1),0,0,0,De=1st Ex=N/A Em=Top Wdw=N/A,00:16.9,9136,0.1,91360,91360,,,,,,,,,
1,1,,1,D10,-,LUM 01sec(1),0,0,0,De=1st Ex=N/A Em=Top Wdw=N/A,00:16.7,8688,0.1,86880,86880,,,,,,,,,
1,1,,1,D11,-,LUM 01sec(1),0,0,0,De=1st Ex=N/A Em=Top Wdw=N/A,00:16.5,9304,0.1,93040,93040,,,,,,,,,
1,1,,1,D12,-,LUM 01sec(1),0,0,0,De=1st Ex=N/A Em=Top Wdw=N/A,00:16.3,8804,0.1,88040,88040,,,,,,,,,
1,1,,1,D13,-,LUM 01sec(1),0,0,0,De=1st Ex=N/A Em=Top Wdw=N/A,00:16.1,8880,0.1,88800,88800,,,,,,,,,
1,1,,1,D14,-,LUM 01sec(1),0,0,0,De=1st Ex=N/A Em=Top Wdw=N/A,00:15.9,8940,0.1,89400,89400,,,,,,,,,
1,1,,1,D15,-,LUM 01sec(1),0,0,0,De=1st Ex=N/A Em=Top Wdw=N/A,00:15.7,9464,0.1,94640,94640,,,,,,,,,
1,1,,1,D16,-,LUM 01sec(1),0,0,0,De=1st Ex=N/A Em=Top Wdw=N/A,00:15.5,9064,0.1,90640,90640,,,,,,,,,
1,1,,1,D17,-,LUM 01sec(1),0,0,0,De=1st Ex=N/A Em=Top Wdw=N/A,00:15.3,9040,0.1,90400,90400,,,,,,,,,
1,1,,1,D18,-,LUM 01sec(1),0,0,0,De=1st Ex=N/A Em=Top Wdw=N/A,00:15.1,8612,0.1,86120,86120,,,,,,,,,
1,1,,1,D19,-,LUM 01sec(1),0,0,0,De=1st Ex=N/A Em=Top Wdw=N/A,00:15.0,8180,0.1,81800,81800,,,,,,,,,
1,1,,1,D20,-,LUM 01sec(1),0,0,0,De=1st Ex=N/A Em=Top Wdw=N/A,00:14.8,9184,0.1,91840,91840,,,,,,,,,
1,1,,1,D21,-,LUM 01sec(1),0,0,0,De=1st Ex=N/A Em=Top Wdw=N/A,00:14.6,8712,0.1,87120,87120,,,,,,,,,
1,1,,1,D22,-,LUM 01sec(1),0,0,0,De=1st Ex=N/A Em=Top Wdw=N/A,00:14.4,8788,0.1,87880,87880,,,,,,,,,
1,1,,1,D23,-,LUM 01sec(1),0,0,0,De=1st Ex=N/A Em=Top Wdw=N/A,00:14.2,80,0.1,800,91040,,,,,,,,,
1,1,,1,D24,-,LUM 01sec(1),0,0,0,De=1st Ex=N/A Em=Top Wdw=N/A,00:14.0,9104,0.1,91040,800,,,,,,,,,
1,1,,1,E01,-,LUM 01sec(1),0,0,0,De=1st Ex=N/A Em=Top Wdw=N/A,00:18.7,3140,0.1,31400,31400,,,,,,,,,
1,1,,1,E02,-,LUM 01sec(1),0,0,0,De=1st Ex=N/A Em=Top Wdw=N/A,00:18.8,8572,0.1,85720,85720,,,,,,,,,
1,1,,1,E03,-,LUM 01sec(1),0,0,0,De=1st Ex=N/A Em=Top Wdw=N/A,00:19.0,9140,0.1,91400,91400,,,,,,,,,
1,1,,1,E04,-,LUM 01sec(1),0,0,0,De=1st Ex=N/A Em=Top Wdw=N/A,00:19.2,9180,0.1,91800,91800,,,,,,,,,
1,1,,1,E05,-,LUM 01sec(1),0,0,0,De=1st Ex=N/A Em=Top Wdw=N/A,00:19.4,9064,0.1,90640,90640,,,,,,,,,
1,1,,1,E06,-,LUM 01sec(1),0,0,0,De=1st Ex=N/A Em=Top Wdw=N/A,00:19.6,8736,0.1,87360,87360,,,,,,,,,
1,1,,1,E07,-,LUM 01sec(1),0,0,0,De=1st Ex=N/A Em=Top Wdw=N/A,00:19.8,8524,0.1,85240,85240,,,,,,,,,
1,1,,1,E08,-,LUM 01sec(1),0,0,0,De=1st Ex=N/A Em=Top Wdw=N/A,00:20.0,9132,0.1,91320,91320,,,,,,,,,
1,1,,1,E09,-,LUM 01sec(1),0,0,0,De=1st Ex=N/A Em=Top Wdw=N/A,00:20.2,8988,0.1,89880,89880,,,,,,,,,
1,1,,1,E10,-,LUM 01sec(1),0,0,0,De=1st Ex=N/A Em=Top Wdw=N/A,00:20.4,8692,0.1,86920,86920,,,,,,,,,
1,1,,1,E11,-,LUM 01sec(1),0,0,0,De=1st Ex=N/A Em=Top Wdw=N/A,00:20.6,8416,0.1,84160,84160,,,,,,,,,
1,1,,1,E12,-,LUM 01sec(1),0,0,0,De=1st Ex=N/A Em=Top Wdw=N/A,00:20.8,8488,0.1,84880,84880,,,,,,,,,
1,1,,1,E13,-,LUM 01sec(1),0,0,0,De=1st Ex=N/A Em=Top Wdw=N/A,00:21.0,8872,0.1,88720,88720,,,,,,,,,
1,1,,1,E14,-,LUM 01sec(1),0,0,0,De=1st Ex=N/A Em=Top Wdw=N/A,00:21.2,8544,0.1,85440,85440,,,,,,,,,
1,1,,1,E15,-,LUM 01sec(1),0,0,0,De=1st Ex=N/A Em=Top Wdw=N/A,00:21.3,8572,0.1,85720,85720,,,,,,,,,
1,1,,1,E16,-,LUM 01sec(1),0,0,0,De=1st Ex=N/A Em=Top Wdw=N/A,00:21.5,8364,0.1,83640,83640,,,,,,,,,
1,1,,1,E17,-,LUM 01sec(1),0,0,0,De=1st Ex=N/A Em=Top Wdw=N/A,00:21.7,9092,0.1,90920,90920,,,,,,,,,
1,1,,1,E18,-,LUM 01sec(1),0,0,0,De=1st Ex=N/A Em=Top Wdw=N/A,00:21.9,8480,0.1,84800,84800,,,,,,,,,
1,1,,1,E19,-,LUM 01sec(1),0,0,0,De=1st Ex=N/A Em=Top Wdw=N/A,00:22.1,9456,0.1,94560,94560,,,,,,,,,
1,1,,1,E20,-,LUM 01sec(1),0,0,0,De=1st Ex=N/A Em=Top Wdw=N/A,00:22.3,8972,0.1,89720,89720,,,,,,,,,
1,1,,1,E21,-,LUM 01sec(1),0,0,0,De=1st Ex=N/A Em=Top Wdw=N/A,00:22.5,8752,0.1,87520,87520,,,,,,,,,
1,1,,1,E22,-,LUM 01sec(1),0,0,0,De=1st Ex=N/A Em=Top Wdw=N/A,00:22.7,8236,0.1,82360,82360,,,,,,,,,
1,1,,1,E23,-,LUM 01sec(1),0,0,0,De=1st Ex=N/A Em=Top Wdw=N/A,00:22.9,80,0.1,800,88360,,,,,,,,,
1,1,,1,E24,-,LUM 01sec(1),0,0,0,De=1st Ex=N/A Em=Top Wdw=N/A,00:23.1,8836,0.1,88360,800,,,,,,,,,
1,1,,1,F01,-,LUM 01sec(1),0,0,0,De=1st Ex=N/A Em=Top Wdw=N/A,00:27.7,8680,0.1,86800,86800,,,,,,,,,
1,1,,1,F02,-,LUM 01sec(1),0,0,0,De=1st Ex=N/A Em=Top Wdw=N/A,00:27.5,8576,0.1,85760,85760,,,,,,,,,
1,1,,1,F03,-,LUM 01sec(1),0,0,0,De=1st Ex=N/A Em=Top Wdw=N/A,00:27.4,8588,0.1,85880,85880,,,,,,,,,
1,1,,1,F04,-,LUM 01sec(1),0,0,0,De=1st Ex=N/A Em=Top Wdw=N/A,00:27.2,8692,0.1,86920,86920,,,,,,,,,
1,1,,1,F05,-,LUM 01sec(1),0,0,0,De=1st Ex=N/A Em=Top Wdw=N/A,00:27.0,8804,0.1,88040,88040,,,,,,,,,
1,1,,1,F06,-,LUM 01sec(1),0,0,0,De=1st Ex=N/A Em=Top Wdw=N/A,00:26.8,8596,0.1,85960,85960,,,,,,,,,
1,1,,1,F07,-,LUM 01sec(1),0,0,0,De=1st Ex=N/A Em=Top Wdw=N/A,00:26.6,8516,0.1,85160,85160,,,,,,,,,
1,1,,1,F08,-,LUM 01sec(1),0,0,0,De=1st Ex=N/A Em=Top Wdw=N/A,00:26.4,8952,0.1,89520,89520,,,,,,,,,
1,1,,1,F09,-,LUM 01sec(1),0,0,0,De=1st Ex=N/A Em=Top Wdw=N/A,00:26.2,9228,0.1,92280,92280,,,,,,,,,
1,1,,1,F10,-,LUM 01sec(1),0,0,0,De=1st Ex=N/A Em=Top Wdw=N/A,00:26.0,7628,0.1,76280,76280,,,,,,,,,
1,1,,1,F11,-,LUM 01sec(1),0,0,0,De=1st Ex=N/A Em=Top Wdw=N/A,00:25.8,8176,0.1,81760,81760,,,,,,,,,
1,1,,1,F12,-,LUM 01sec(1),0,0,0,De=1st Ex=N/A Em=Top Wdw=N/A,00:25.6,8548,0.1,85480,85480,,,,,,,,,
1,1,,1,F13,-,LUM 01sec(1),0,0,0,De=1st Ex=N/A Em=Top Wdw=N/A,00:25.4,8800,0.1,88000,88000,,,,,,,,,
1,1,,1,F14,-,LUM 01sec(1),0,0,0,De=1st Ex=N/A Em=Top Wdw=N/A,00:25.2,9216,0.1,92160,92160,,,,,,,,,
1,1,,1,F15,-,LUM 01sec(1),0,0,0,De=1st Ex=N/A Em=Top Wdw=N/A,00:25.1,9348,0.1,93480,93480,,,,,,,,,
1,1,,1,F16,-,LUM 01sec(1),0,0,0,De=1st Ex=N/A Em=Top Wdw=N/A,00:24.9,7952,0.1,79520,79520,,,,,,,,,
1,1,,1,F17,-,LUM 01sec(1),0,0,0,De=1st Ex=N/A Em=Top Wdw=N/A,00:24.7,8208,0.1,82080,82080,,,,,,,,,
1,1,,1,F18,-,LUM 01sec(1),0,0,0,De=1st Ex=N/A Em=Top Wdw=N/A,00:24.5,8936,0.1,89360,89360,,,,,,,,,
1,1,,1,F19,-,LUM 01sec(1),0,0,0,De=1st Ex=N/A Em=Top Wdw=N/A,00:24.3,8996,0.1,89960,89960,,,,,,,,,
1,1,,1,F20,-,LUM 01sec(1),0,0,0,De=1st Ex=N/A Em=Top Wdw=N/A,00:24.1,8524,0.1,85240,85240,,,,,,,,,
1,1,,1,F21,-,LUM 01sec(1),0,0,0,De=1st Ex=N/A Em=Top Wdw=N/A,00:23.9,8976,0.1,89760,89760,,,,,,,,,
1,1,,1,F22,-,LUM 01sec(1),0,0,0,De=1st Ex=N/A Em=Top Wdw=N/A,00:23.7,9128,0.1,91280,91280,,,,,,,,,
1,1,,1,F23,-,LUM 01sec(1),0,0,0,De=1st Ex=N/A Em=Top Wdw=N/A,00:23.5,96,0.1,960,81680,,,,,,,,,
1,1,,1,F24,-,LUM 01sec(1),0,0,0,De=1st Ex=N/A Em=Top Wdw=N/A,00:23.3,8168,0.1,81680,960,,,,,,,,,
1,1,,1,G01,-,LUM 01sec(1),0,0,0,De=1st Ex=N/A Em=Top Wdw=N/A,00:28.0,9272,0.1,92720,92720,,,,,,,,,
1,1,,1,G02,-,LUM 01sec(1),0,0,0,De=1st Ex=N/A Em=Top Wdw=N/A,00:28.2,8528,0.1,85280,85280,,,,,,,,,
1,1,,1,G03,-,LUM 01sec(1),0,0,0,De=1st Ex=N/A Em=Top Wdw=N/A,00:28.4,9180,0.1,91800,91800,,,,,,,,,
1,1,,1,G04,-,LUM 01sec(1),0,0,0,De=1st Ex=N/A Em=Top Wdw=N/A,00:28.6,9132,0.1,91320,91320,,,,,,,,,
1,1,,1,G05,-,LUM 01sec(1),0,0,0,De=1st Ex=N/A Em=Top Wdw=N/A,00:28.8,8516,0.1,85160,85160,,,,,,,,,
1,1,,1,G06,-,LUM 01sec(1),0,0,0,De=1st Ex=N/A Em=Top Wdw=N/A,00:28.9,9248,0.1,92480,92480,,,,,,,,,
1,1,,1,G07,-,LUM 01sec(1),0,0,0,De=1st Ex=N/A Em=Top Wdw=N/A,00:29.1,8700,0.1,87000,87000,,,,,,,,,
1,1,,1,G08,-,LUM 01sec(1),0,0,0,De=1st Ex=N/A Em=Top Wdw=N/A,00:29.3,8360,0.1,83600,83600,,,,,,,,,
1,1,,1,G09,-,LUM 01sec(1),0,0,0,De=1st Ex=N/A Em=Top Wdw=N/A,00:29.5,8492,0.1,84920,84920,,,,,,,,,
1,1,,1,G10,-,LUM 01sec(1),0,0,0,De=1st Ex=N/A Em=Top Wdw=N/A,00:29.7,8664,0.1,86640,86640,,,,,,,,,
1,1,,1,G11,-,LUM 01sec(1),0,0,0,De=1st Ex=N/A Em=Top Wdw=N/A,00:29.9,8632,0.1,86320,86320,,,,,,,,,
1,1,,1,G12,-,LUM 01sec(1),0,0,0,De=1st Ex=N/A Em=Top Wdw=N/A,00:30.1,9372,0.1,93720,93720,,,,,,,,,
1,1,,1,G13,-,LUM 01sec(1),0,0,0,De=1st Ex=N/A Em=Top Wdw=N/A,00:30.3,9584,0.1,95840,95840,,,,,,,,,
1,1,,1,G14,-,LUM 01sec(1),0,0,0,De=1st Ex=N/A Em=Top Wdw=N/A,00:30.5,8972,0.1,89720,89720,,,,,,,,,
1,1,,1,G15,-,LUM 01sec(1),0,0,0,De=1st Ex=N/A Em=Top Wdw=N/A,00:30.7,8728,0.1,87280,87280,,,,,,,,,
1,1,,1,G16,-,LUM 01sec(1),0,0,0,De=1st Ex=N/A Em=Top Wdw=N/A,00:30.9,8232,0.1,82320,82320,,,,,,,,,
1,1,,1,G17,-,LUM 01sec(1),0,0,0,De=1st Ex=N/A Em=Top Wdw=N/A,00:31.1,8240,0.1,82400,82400,,,,,,,,,
1,1,,1,G18,-,LUM 01sec(1),0,0,0,De=1st Ex=N/A Em=Top Wdw=N/A,00:31.2,7476,0.1,74760,74760,,,,,,,,,
1,1,,1,G19,-,LUM 01sec(1),0,0,0,De=1st Ex=N/A Em=Top Wdw=N/A,00:31.4,8796,0.1,87960,87960,,,,,,,,,
1,1,,1,G20,-,LUM 01sec(1),0,0,0,De=1st Ex=N/A Em=Top Wdw=N/A,00:31.6,8640,0.1,86400,86400,,,,,,,,,
1,1,,1,G21,-,LUM 01sec(1),0,0,0,De=1st Ex=N/A Em=Top Wdw=N/A,00:31.8,8568,0.1,85680,85680,,,,,,,,,
1,1,,1,G22,-,LUM 01sec(1),0,0,0,De=1st Ex=N/A Em=Top Wdw=N/A,00:32.0,8720,0.1,87200,87200,,,,,,,,,
1,1,,1,G23,-,LUM 01sec(1),0,0,0,De=1st Ex=N/A Em=Top Wdw=N/A,00:32.2,92,0.1,920,87480,,,,,,,,,
1,1,,1,G24,-,LUM 01sec(1),0,0,0,De=1st Ex=N/A Em=Top Wdw=N/A,00:32.4,8748,0.1,87480,920,,,,,,,,,
1,1,,1,H01,-,LUM 01sec(1),0,0,0,De=1st Ex=N/A Em=Top Wdw=N/A,00:37.1,9340,0.1,93400,93400,,,,,,,,,
1,1,,1,H02,-,LUM 01sec(1),0,0,0,De=1st Ex=N/A Em=Top Wdw=N/A,00:36.9,8508,0.1,85080,85080,,,,,,,,,
1,1,,1,H03,-,LUM 01sec(1),0,0,0,De=1st Ex=N/A Em=Top Wdw=N/A,00:36.7,8388,0.1,83880,83880,,,,,,,,,
1,1,,1,H04,-,LUM 01sec(1),0,0,0,De=1st Ex=N/A Em=Top Wdw=N/A,00:36.5,8788,0.1,87880,87880,,,,,,,,,
1,1,,1,H05,-,LUM 01sec(1),0,0,0,De=1st Ex=N/A Em=Top Wdw=N/A,00:36.3,8544,0.1,85440,85440,,,,,,,,,
1,1,,1,H06,-,LUM 01sec(1),0,0,0,De=1st Ex=N/A Em=Top Wdw=N/A,00:36.1,9336,0.1,93360,93360,,,,,,,,,
1,1,,1,H07,-,LUM 01sec(1),0,0,0,De=1st Ex=N/A Em=Top Wdw=N/A,00:35.9,8788,0.1,87880,87880,,,,,,,,,
1,1,,1,H08,-,LUM 01sec(1),0,0,0,De=1st Ex=N/A Em=Top Wdw=N/A,00:35.7,8612,0.1,86120,86120,,,,,,,,,
1,1,,1,H09,-,LUM 01sec(1),0,0,0,De=1st Ex=N/A Em=Top Wdw=N/A,00:35.5,8168,0.1,81680,81680,,,,,,,,,
1,1,,1,H10,-,LUM 01sec(1),0,0,0,De=1st Ex=N/A Em=Top Wdw=N/A,00:35.3,8196,0.1,81960,81960,,,,,,,,,
1,1,,1,H11,-,LUM 01sec(1),0,0,0,De=1st Ex=N/A Em=Top Wdw=N/A,00:35.1,7916,0.1,79160,79160,,,,,,,,,
1,1,,1,H12,-,LUM 01sec(1),0,0,0,De=1st Ex=N/A Em=Top Wdw=N/A,00:35.0,8964,0.1,89640,89640,,,,,,,,,
1,1,,1,H13,-,LUM 01sec(1),0,0,0,De=1st Ex=N/A Em=Top Wdw=N/A,00:34.8,7900,0.1,79000,79000,,,,,,,,,
1,1,,1,H14,-,LUM 01sec(1),0,0,0,De=1st Ex=N/A Em=Top Wdw=N/A,00:34.6,8848,0.1,88480,88480,,,,,,,,,
1,1,,1,H15,-,LUM 01sec(1),0,0,0,De=1st Ex=N/A Em=Top Wdw=N/A,00:34.4,8452,0.1,84520,84520,,,,,,,,,
1,1,,1,H16,-,LUM 01sec(1),0,0,0,De=1st Ex=N/A Em=Top Wdw=N/A,00:34.2,9064,0.1,90640,90640,,,,,,,,,
1,1,,1,H17,-,LUM 01sec(1),0,0,0,De=1st Ex=N/A Em=Top Wdw=N/A,00:34.0,8868,0.1,88680,88680,,,,,,,,,
1,1,,1,H18,-,LUM 01sec(1),0,0,0,De=1st Ex=N/A Em=Top Wdw=N/A,00:33.8,8612,0.1,86120,86120,,,,,,,,,
1,1,,1,H19,-,LUM 01sec(1),0,0,0,De=1st Ex=N/A Em=Top Wdw=N/A,00:33.6,8616,0.1,86160,86160,,,,,,,,,
1,1,,1,H20,-,LUM 01sec(1),0,0,0,De=1st Ex=N/A Em=Top Wdw=N/A,00:33.4,8588,0.1,85880,85880,,,,,,,,,
1,1,,1,H21,-,LUM 01sec(1),0,0,0,De=1st Ex=N/A Em=Top Wdw=N/A,00:33.2,6756,0.1,67560,67560,,,,,,,,,
1,1,,1,H22,-,LUM 01sec(1),0,0,0,De=1st Ex=N/A Em=Top Wdw=N/A,00:33.0,8324,0.1,83240,83240,,,,,,,,,
1,1,,1,H23,-,LUM 01sec(1),0,0,0,De=1st Ex=N/A Em=Top Wdw=N/A,00:32.8,84,0.1,840,83360,,,,,,,,,
1,1,,1,H24,-,LUM 01sec(1),0,0,0,De=1st Ex=N/A Em=Top Wdw=N/A,00:32.7,8336,0.1,83360,840,,,,,,,,,
1,1,,1,I01,-,LUM 01sec(1),0,0,0,De=1st Ex=N/A Em=Top Wdw=N/A,00:37.3,8536,0.1,85360,85360,,,,,,,,,
1,1,,1,I02,-,LUM 01sec(1),0,0,0,De=1st Ex=N/A Em=Top Wdw=N/A,00:37.5,8604,0.1,86040,86040,,,,,,,,,
1,1,,1,I03,-,LUM 01sec(1),0,0,0,De=1st Ex=N/A Em=Top Wdw=N/A,00:37.7,9564,0.1,95640,95640,,,,,,,,,
1,1,,1,I04,-,LUM 01sec(1),0,0,0,De=1st Ex=N/A Em=Top Wdw=N/A,00:37.9,8792,0.1,87920,87920,,,,,,,,,
1,1,,1,I05,-,LUM 01sec(1),0,0,0,De=1st Ex=N/A Em=Top Wdw=N/A,00:38.1,8464,0.1,84640,84640,,,,,,,,,
1,1,,1,I06,-,LUM 01sec(1),0,0,0,De=1st Ex=N/A Em=Top Wdw=N/A,00:38.3,8956,0.1,89560,89560,,,,,,,,,
1,1,,1,I07,-,LUM 01sec(1),0,0,0,De=1st Ex=N/A Em=Top Wdw=N/A,00:38.5,9012,0.1,90120,90120,,,,,,,,,
1,1,,1,I08,-,LUM 01sec(1),0,0,0,De=1st Ex=N/A Em=Top Wdw=N/A,00:38.7,8948,0.1,89480,89480,,,,,,,,,
1,1,,1,I09,-,LUM 01sec(1),0,0,0,De=1st Ex=N/A Em=Top Wdw=N/A,00:38.9,8736,0.1,87360,87360,,,,,,,,,
1,1,,1,I10,-,LUM 01sec(1),0,0,0,De=1st Ex=N/A Em=Top Wdw=N/A,00:39.0,8444,0.1,84440,84440,,,,,,,,,
1,1,,1,I11,-,LUM 01sec(1),0,0,0,De=1st Ex=N/A Em=Top Wdw=N/A,00:39.2,8580,0.1,85800,85800,,,,,,,,,
1,1,,1,I12,-,LUM 01sec(1),0,0,0,De=1st Ex=N/A Em=Top Wdw=N/A,00:39.4,8748,0.1,87480,87480,,,,,,,,,
1,1,,1,I13,-,LUM 01sec(1),0,0,0,De=1st Ex=N/A Em=Top Wdw=N/A,00:39.6,8828,0.1,88280,88280,,,,,,,,,
1,1,,1,I14,-,LUM 01sec(1),0,0,0,De=1st Ex=N/A Em=Top Wdw=N/A,00:39.8,9060,0.1,90600,90600,,,,,,,,,
1,1,,1,I15,-,LUM 01sec(1),0,0,0,De=1st Ex=N/A Em=Top Wdw=N/A,00:40.0,8632,0.1,86320,86320,,,,,,,,,
1,1,,1,I16,-,LUM 01sec(1),0,0,0,De=1st Ex=N/A Em=Top Wdw=N/A,00:40.2,8980,0.1,89800,89800,,,,,,,,,
1,1,,1,I17,-,LUM 01sec(1),0,0,0,De=1st Ex=N/A Em=Top Wdw=N/A,00:40.4,9036,0.1,90360,90360,,,,,,,,,
1,1,,1,I18,-,LUM 01sec(1),0,0,0,De=1st Ex=N/A Em=Top Wdw=N/A,00:40.6,9004,0.1,90040,90040,,,,,,,,,
1,1,,1,I19,-,LUM 01sec(1),0,0,0,De=1st Ex=N/A Em=Top Wdw=N/A,00:40.8,8300,0.1,83000,83000,,,,,,,,,
1,1,,1,I20,-,LUM 01sec(1),0,0,0,De=1st Ex=N/A Em=Top Wdw=N/A,00:41.0,8848,0.1,88480,88480,,,,,,,,,
1,1,,1,I21,-,LUM 01sec(1),0,0,0,De=1st Ex=N/A Em=Top Wdw=N/A,00:41.2,8732,0.1,87320,87320,,,,,,,,,
1,1,,1,I22,-,LUM 01sec(1),0,0,0,De=1st Ex=N/A Em=Top Wdw=N/A,00:41.3,8556,0.1,85560,85560,,,,,,,,,
1,1,,1,I23,-,LUM 01sec(1),0,0,0,De=1st Ex=N/A Em=Top Wdw=N/A,00:41.5,88,0.1,880,85840,,,,,,,,,
1,1,,1,I24,-,LUM 01sec(1),0,0,0,De=1st Ex=N/A Em=Top Wdw=N/A,00:41.7,8584,0.1,85840,880,,,,,,,,,
1,1,,1,J01,-,LUM 01sec(1),0,0,0,De=1st Ex=N/A Em=Top Wdw=N/A,00:46.4,8436,0.1,84360,84360,,,,,,,,,
1,1,,1,J02,-,LUM 01sec(1),0,0,0,De=1st Ex=N/A Em=Top Wdw=N/A,00:46.2,8376,0.1,83760,83760,,,,,,,,,
1,1,,1,J03,-,LUM 01sec(1),0,0,0,De=1st Ex=N/A Em=Top Wdw=N/A,00:46.0,8720,0.1,87200,87200,,,,,,,,,
1,1,,1,J04,-,LUM 01sec(1),0,0,0,De=1st Ex=N/A Em=Top Wdw=N/A,00:45.8,8608,0.1,86080,86080,,,,,,,,,
1,1,,1,J05,-,LUM 01sec(1),0,0,0,De=1st Ex=N/A Em=Top Wdw=N/A,00:45.6,8340,0.1,83400,83400,,,,,,,,,
1,1,,1,J06,-,LUM 01sec(1),0,0,0,De=1st Ex=N/A Em=Top Wdw=N/A,00:45.4,7256,0.1,72560,72560,,,,,,,,,
1,1,,1,J07,-,LUM 01sec(1),0,0,0,De=1st Ex=N/A Em=Top Wdw=N/A,00:45.2,8740,0.1,87400,87400,,,,,,,,,
1,1,,1,J08,-,LUM 01sec(1),0,0,0,De=1st Ex=N/A Em=Top Wdw=N/A,00:45.1,8548,0.1,85480,85480,,,,,,,,,
1,1,,1,J09,-,LUM 01sec(1),0,0,0,De=1st Ex=N/A Em=Top Wdw=N/A,00:44.9,9036,0.1,90360,90360,,,,,,,,,
1,1,,1,J10,-,LUM 01sec(1),0,0,0,De=1st Ex=N/A Em=Top Wdw=N/A,00:44.7,8200,0.1,82000,82000,,,,,,,,,
1,1,,1,J11,-,LUM 01sec(1),0,0,0,De=1st Ex=N/A Em=Top Wdw=N/A,00:44.5,8512,0.1,85120,85120,,,,,,,,,
1,1,,1,J12,-,LUM 01sec(1),0,0,0,De=1st Ex=N/A Em=Top Wdw=N/A,00:44.3,9088,0.1,90880,90880,,,,,,,,,
1,1,,1,J13,-,LUM 01sec(1),0,0,0,De=1st Ex=N/A Em=Top Wdw=N/A,00:44.1,8716,0.1,87160,87160,,,,,,,,,
1,1,,1,J14,-,LUM 01sec(1),0,0,0,De=1st Ex=N/A Em=Top Wdw=N/A,00:43.9,8452,0.1,84520,84520,,,,,,,,,
1,1,,1,J15,-,LUM 01sec(1),0,0,0,De=1st Ex=N/A Em=Top Wdw=N/A,00:43.7,9044,0.1,90440,90440,,,,,,,,,
1,1,,1,J16,-,LUM 01sec(1),0,0,0,De=1st Ex=N/A Em=Top Wdw=N/A,00:43.5,8812,0.1,88120,88120,,,,,,,,,
1,1,,1,J17,-,LUM 01sec(1),0,0,0,De=1st Ex=N/A Em=Top Wdw=N/A,00:43.3,7940,0.1,79400,79400,,,,,,,,,
1,1,,1,J18,-,LUM 01sec(1),0,0,0,De=1st Ex=N/A Em=Top Wdw=N/A,00:43.1,8888,0.1,88880,88880,,,,,,,,,
1,1,,1,J19,-,LUM 01sec(1),0,0,0,De=1st Ex=N/A Em=Top Wdw=N/A,00:42.9,8576,0.1,85760,85760,,,,,,,,,
1,1,,1,J20,-,LUM 01sec(1),0,0,0,De=1st Ex=N/A Em=Top Wdw=N/A,00:42.8,8652,0.1,86520,86520,,,,,,,,,
1,1,,1,J21,-,LUM 01sec(1),0,0,0,De=1st Ex=N/A Em=Top Wdw=N/A,00:42.6,7908,0.1,79080,79080,,,,,,,,,
1,1,,1,J22,-,LUM 01sec(1),0,0,0,De=1st Ex=N/A Em=Top Wdw=N/A,00:42.4,8952,0.1,89520,89520,,,,,,,,,
1,1,,1,J23,-,LUM 01sec(1),0,0,0,De=1st Ex=N/A Em=Top Wdw=N/A,00:42.2,84,0.1,840,88840,,,,,,,,,
1,1,,1,J24,-,LUM 01sec(1),0,0,0,De=1st Ex=N/A Em=Top Wdw=N/A,00:42.0,8884,0.1,88840,840,,,,,,,,,
1,1,,1,K01,-,LUM 01sec(1),0,0,0,De=1st Ex=N/A Em=Top Wdw=N/A,00:46.7,9248,0.1,92480,92480,,,,,,,,,
1,1,,1,K02,-,LUM 01sec(1),0,0,0,De=1st Ex=N/A Em=Top Wdw=N/A,00:46.8,8528,0.1,85280,85280,,,,,,,,,
1,1,,1,K03,-,LUM 01sec(1),0,0,0,De=1st Ex=N/A Em=Top Wdw=N/A,00:47.0,8760,0.1,87600,87600,,,,,,,,,
1,1,,1,K04,-,LUM 01sec(1),0,0,0,De=1st Ex=N/A Em=Top Wdw=N/A,00:47.2,160,0.1,1600,1600,,,,,,,,,
1,1,,1,K05,-,LUM 01sec(1),0,0,0,De=1st Ex=N/A Em=Top Wdw=N/A,00:47.4,7956,0.1,79560,79560,,,,,,,,,
1,1,,1,K06,-,LUM 01sec(1),0,0,0,De=1st Ex=N/A Em=Top Wdw=N/A,00:47.6,9092,0.1,90920,90920,,,,,,,,,
1,1,,1,K07,-,LUM 01sec(1),0,0,0,De=1st Ex=N/A Em=Top Wdw=N/A,00:47.8,8228,0.1,82280,82280,,,,,,,,,
1,1,,1,K08,-,LUM 01sec(1),0,0,0,De=1st Ex=N/A Em=Top Wdw=N/A,00:48.0,8764,0.1,87640,87640,,,,,,,,,
1,1,,1,K09,-,LUM 01sec(1),0,0,0,De=1st Ex=N/A Em=Top Wdw=N/A,00:48.2,8420,0.1,84200,84200,,,,,,,,,
1,1,,1,K10,-,LUM 01sec(1),0,0,0,De=1st Ex=N/A Em=Top Wdw=N/A,00:48.4,8888,0.1,88880,88880,,,,,,,,,
1,1,,1,K11,-,LUM 01sec(1),0,0,0,De=1st Ex=N/A Em=Top Wdw=N/A,00:48.6,8424,0.1,84240,84240,,,,,,,,,
1,1,,1,K12,-,LUM 01sec(1),0,0,0,De=1st Ex=N/A Em=Top Wdw=N/A,00:48.8,9172,0.1,91720,91720,,,,,,,,,
1,1,,1,K13,-,LUM 01sec(1),0,0,0,De=1st Ex=N/A Em=Top Wdw=N/A,00:49.0,8428,0.1,84280,84280,,,,,,,,,
1,1,,1,K14,-,LUM 01sec(1),0,0,0,De=1st Ex=N/A Em=Top Wdw=N/A,00:49.1,8348,0.1,83480,83480,,,,,,,,,
1,1,,1,K15,-,LUM 01sec(1),0,0,0,De=1st Ex=N/A Em=Top Wdw=N/A,00:49.3,9000,0.1,90000,90000,,,,,,,,,
1,1,,1,K16,-,LUM 01sec(1),0,0,0,De=1st Ex=N/A Em=Top Wdw=N/A,00:49.5,8816,0.1,88160,88160,,,,,,,,,
1,1,,1,K17,-,LUM 01sec(1),0,0,0,De=1st Ex=N/A Em=Top Wdw=N/A,00:49.7,8424,0.1,84240,84240,,,,,,,,,
1,1,,1,K18,-,LUM 01sec(1),0,0,0,De=1st Ex=N/A Em=Top Wdw=N/A,00:49.9,8496,0.1,84960,84960,,,,,,,,,
1,1,,1,K19,-,LUM 01sec(1),0,0,0,De=1st Ex=N/A Em=Top Wdw=N/A,00:50.1,8756,0.1,87560,87560,,,,,,,,,
1,1,,1,K20,-,LUM 01sec(1),0,0,0,De=1st Ex=N/A Em=Top Wdw=N/A,00:50.3,8680,0.1,86800,86800,,,,,,,,,
1,1,,1,K21,-,LUM 01sec(1),0,0,0,De=1st Ex=N/A Em=Top Wdw=N/A,00:50.5,9032,0.1,90320,90320,,,,,,,,,
1,1,,1,K22,-,LUM 01sec(1),0,0,0,De=1st Ex=N/A Em=Top Wdw=N/A,00:50.7,8508,0.1,85080,85080,,,,,,,,,
1,1,,1,K23,-,LUM 01sec(1),0,0,0,De=1st Ex=N/A Em=Top Wdw=N/A,00:50.9,84,0.1,840,89400,,,,,,,,,
1,1,,1,K24,-,LUM 01sec(1),0,0,0,De=1st Ex=N/A Em=Top Wdw=N/A,00:51.1,8940,0.1,89400,840,,,,,,,,,
1,1,,1,L01,-,LUM 01sec(1),0,0,0,De=1st Ex=N/A Em=Top Wdw=N/A,00:55.7,8844,0.1,88440,88440,,,,,,,,,
1,1,,1,L02,-,LUM 01sec(1),0,0,0,De=1st Ex=N/A Em=Top Wdw=N/A,00:55.5,9264,0.1,92640,92640,,,,,,,,,
1,1,,1,L03,-,LUM 01sec(1),0,0,0,De=1st Ex=N/A Em=Top Wdw=N/A,00:55.4,8708,0.1,87080,87080,,,,,,,,,
1,1,,1,L04,-,LUM 01sec(1),0,0,0,De=1st Ex=N/A Em=Top Wdw=N/A,00:55.2,9052,0.1,90520,90520,,,,,,,,,
1,1,,1,L05,-,LUM 01sec(1),0,0,0,De=1st Ex=N/A Em=Top Wdw=N/A,00:55.0,8436,0.1,84360,84360,,,,,,,,,
1,1,,1,L06,-,LUM 01sec(1),0,0,0,De=1st Ex=N/A Em=Top Wdw=N/A,00:54.8,8564,0.1,85640,85640,,,,,,,,,
1,1,,1,L07,-,LUM 01sec(1),0,0,0,De=1st Ex=N/A Em=Top Wdw=N/A,00:54.6,9484,0.1,94840,94840,,,,,,,,,
1,1,,1,L08,-,LUM 01sec(1),0,0,0,De=1st Ex=N/A Em=Top Wdw=N/A,00:54.4,9220,0.1,92200,92200,,,,,,,,,
1,1,,1,L09,-,LUM 01sec(1),0,0,0,De=1st Ex=N/A Em=Top Wdw=N/A,00:54.2,9504,0.1,95040,95040,,,,,,,,,
1,1,,1,L10,-,LUM 01sec(1),0,0,0,De=1st Ex=N/A Em=Top Wdw=N/A,00:54.0,8768,0.1,87680,87680,,,,,,,,,
1,1,,1,L11,-,LUM 01sec(1),0,0,0,De=1st Ex=N/A Em=Top Wdw=N/A,00:53.8,8304,0.1,83040,83040,,,,,,,,,
1,1,,1,L12,-,LUM 01sec(1),0,0,0,De=1st Ex=N/A Em=Top Wdw=N/A,00:53.6,9136,0.1,91360,91360,,,,,,,,,
1,1,,1,L13,-,LUM 01sec(1),0,0,0,De=1st Ex=N/A Em=Top Wdw=N/A,00:53.4,8472,0.1,84720,84720,,,,,,,,,
1,1,,1,L14,-,LUM 01sec(1),0,0,0,De=1st Ex=N/A Em=Top Wdw=N/A,00:53.2,8636,0.1,86360,86360,,,,,,,,,
1,1,,1,L15,-,LUM 01sec(1),0,0,0,De=1st Ex=N/A Em=Top Wdw=N/A,00:53.0,8244,0.1,82440,82440,,,,,,,,,
1,1,,1,L16,-,LUM 01sec(1),0,0,0,De=1st Ex=N/A Em=Top Wdw=N/A,00:52.9,8508,0.1,85080,85080,,,,,,,,,
1,1,,1,L17,-,LUM 01sec(1),0,0,0,De=1st Ex=N/A Em=Top Wdw=N/A,00:52.7,8340,0.1,83400,83400,,,,,,,,,
1,1,,1,L18,-,LUM 01sec(1),0,0,0,De=1st Ex=N/A Em=Top Wdw=N/A,00:52.5,6880,0.1,68800,68800,,,,,,,,,
1,1,,1,L19,-,LUM 01sec(1),0,0,0,De=1st Ex=N/A Em=Top Wdw=N/A,00:52.3,8264,0.1,82640,82640,,,,,,,,,
1,1,,1,L20,-,LUM 01sec(1),0,0,0,De=1st Ex=N/A Em=Top Wdw=N/A,00:52.1,8600,0.1,86000,86000,,,,,,,,,
1,1,,1,L21,-,LUM 01sec(1),0,0,0,De=1st Ex=N/A Em=Top Wdw=N/A,00:51.9,8668,0.1,86680,86680,,,,,,,,,
1,1,,1,L22,-,LUM 01sec(1),0,0,0,De=1st Ex=N/A Em=Top Wdw=N/A,00:51.7,8700,0.1,87000,87000,,,,,,,,,
1,1,,1,L23,-,LUM 01sec(1),0,0,0,De=1st Ex=N/A Em=Top Wdw=N/A,00:51.5,88,0.1,880,87840,,,,,,,,,
1,1,,1,L24,-,LUM 01sec(1),0,0,0,De=1st Ex=N/A Em=Top Wdw=N/A,00:51.3,8784,0.1,87840,880,,,,,,,,,
1,1,,1,M01,-,LUM 01sec(1),0,0,0,De=1st Ex=N/A Em=Top Wdw=N/A,00:56.0,8800,0.1,88000,88000,,,,,,,,,
1,1,,1,M02,-,LUM 01sec(1),0,0,0,De=1st Ex=N/A Em=Top Wdw=N/A,00:56.2,9312,0.1,93120,93120,,,,,,,,,
1,1,,1,M03,-,LUM 01sec(1),0,0,0,De=1st Ex=N/A Em=Top Wdw=N/A,00:56.4,8780,0.1,87800,87800,,,,,,,,,
1,1,,1,M04,-,LUM 01sec(1),0,0,0,De=1st Ex=N/A Em=Top Wdw=N/A,00:56.6,8760,0.1,87600,87600,,,,,,,,,
1,1,,1,M05,-,LUM 01sec(1),0,0,0,De=1st Ex=N/A Em=Top Wdw=N/A,00:56.8,8924,0.1,89240,89240,,,,,,,,,
1,1,,1,M06,-,LUM 01sec(1),0,0,0,De=1st Ex=N/A Em=Top Wdw=N/A,00:57.0,9116,0.1,91160,91160,,,,,,,,,
1,1,,1,M07,-,LUM 01sec(1),0,0,0,De=1st Ex=N/A Em=Top Wdw=N/A,00:57.1,8588,0.1,85880,85880,,,,,,,,,
1,1,,1,M08,-,LUM 01sec(1),0,0,0,De=1st Ex=N/A Em=Top Wdw=N/A,00:57.3,8392,0.1,83920,83920,,,,,,,,,
1,1,,1,M09,-,LUM 01sec(1),0,0,0,De=1st Ex=N/A Em=Top Wdw=N/A,00:57.5,9064,0.1,90640,90640,,,,,,,,,
1,1,,1,M10,-,LUM 01sec(1),0,0,0,De=1st Ex=N/A Em=Top Wdw=N/A,00:57.7,9268,0.1,92680,92680,,,,,,,,,
1,1,,1,M11,-,LUM 01sec(1),0,0,0,De=1st Ex=N/A Em=Top Wdw=N/A,00:57.9,8608,0.1,86080,86080,,,,,,,,,
1,1,,1,M12,-,LUM 01sec(1),0,0,0,De=1st Ex=N/A Em=Top Wdw=N/A,00:58.1,8800,0.1,88000,88000,,,,,,,,,
1,1,,1,M13,-,LUM 01sec(1),0,0,0,De=1st Ex=N/A Em=Top Wdw=N/A,00:58.3,8424,0.1,84240,84240,,,,,,,,,
1,1,,1,M14,-,LUM 01sec(1),0,0,0,De=1st Ex=N/A Em=Top Wdw=N/A,00:58.5,9216,0.1,92160,92160,,,,,,,,,
1,1,,1,M15,-,LUM 01sec(1),0,0,0,De=1st Ex=N/A Em=Top Wdw=N/A,00:58.7,8960,0.1,89600,89600,,,,,,,,,
1,1,,1,M16,-,LUM 01sec(1),0,0,0,De=1st Ex=N/A Em=Top Wdw=N/A,00:58.9,8104,0.1,81040,81040,,,,,,,,,
1,1,,1,M17,-,LUM 01sec(1),0,0,0,De=1st Ex=N/A Em=Top Wdw=N/A,00:59.1,8620,0.1,86200,86200,,,,,,,,,
1,1,,1,M18,-,LUM 01sec(1),0,0,0,De=1st Ex=N/A Em=Top Wdw=N/A,00:59.3,8832,0.1,88320,88320,,,,,,,,,
1,1,,1,M19,-,LUM 01sec(1),0,0,0,De=1st Ex=N/A Em=Top Wdw=N/A,00:59.4,8360,0.1,83600,83600,,,,,,,,,
1,1,,1,M20,-,LUM 01sec(1),0,0,0,De=1st Ex=N/A Em=Top Wdw=N/A,00:59.6,8264,0.1,82640,82640,,,,,,,,,
1,1,,1,M21,-,LUM 01sec(1),0,0,0,De=1st Ex=N/A Em=Top Wdw=N/A,00:59.8,8204,0.1,82040,82040,,,,,,,,,
1,1,,1,M22,-,LUM 01sec(1),0,0,0,De=1st Ex=N/A Em=Top Wdw=N/A,01:00.0,8944,0.1,89440,89440,,,,,,,,,
1,1,,1,M23,-,LUM 01sec(1),0,0,0,De=1st Ex=N/A Em=Top Wdw=N/A,01:00.2,80,0.1,800,85880,,,,,,,,,
1,1,,1,M24,-,LUM 01sec(1),0,0,0,De=1st Ex=N/A Em=Top Wdw=N/A,01:00.4,8588,0.1,85880,800,,,,,,,,,
1,1,,1,N01,-,LUM 01sec(1),0,0,0,De=1st Ex=N/A Em=Top Wdw=N/A,01:05.1,8428,0.1,84280,84280,,,,,,,,,
1,1,,1,N02,-,LUM 01sec(1),0,0,0,De=1st Ex=N/A Em=Top Wdw=N/A,01:04.9,7788,0.1,77880,77880,,,,,,,,,
1,1,,1,N03,-,LUM 01sec(1),0,0,0,De=1st Ex=N/A Em=Top Wdw=N/A,01:04.7,5444,0.1,54440,54440,,,,,,,,,
1,1,,1,N04,-,LUM 01sec(1),0,0,0,De=1st Ex=N/A Em=Top Wdw=N/A,01:04.5,8824,0.1,88240,88240,,,,,,,,,
1,1,,1,N05,-,LUM 01sec(1),0,0,0,De=1st Ex=N/A Em=Top Wdw=N/A,01:04.3,7852,0.1,78520,78520,,,,,,,,,
1,1,,1,N06,-,LUM 01sec(1),0,0,0,De=1st Ex=N/A Em=Top Wdw=N/A,01:04.1,8968,0.1,89680,89680,,,,,,,,,
1,1,,1,N07,-,LUM 01sec(1),0,0,0,De=1st Ex=N/A Em=Top Wdw=N/A,01:03.9,8768,0.1,87680,87680,,,,,,,,,
1,1,,1,N08,-,LUM 01sec(1),0,0,0,De=1st Ex=N/A Em=Top Wdw=N/A,01:03.7,9000,0.1,90000,90000,,,,,,,,,
1,1,,1,N09,-,LUM 01sec(1),0,0,0,De=1st Ex=N/A Em=Top Wdw=N/A,01:03.5,7480,0.1,74800,74800,,,,,,,,,
1,1,,1,N10,-,LUM 01sec(1),0,0,0,De=1st Ex=N/A Em=Top Wdw=N/A,01:03.3,8216,0.1,82160,82160,,,,,,,,,
1,1,,1,N11,-,LUM 01sec(1),0,0,0,De=1st Ex=N/A Em=Top Wdw=N/A,01:03.2,5044,0.1,50440,50440,,,,,,,,,
1,1,,1,N12,-,LUM 01sec(1),0,0,0,De=1st Ex=N/A Em=Top Wdw=N/A,01:03.0,8068,0.1,80680,80680,,,,,,,,,
1,1,,1,N13,-,LUM 01sec(1),0,0,0,De=1st Ex=N/A Em=Top Wdw=N/A,01:02.8,8912,0.1,89120,89120,,,,,,,,,
1,1,,1,N14,-,LUM 01sec(1),0,0,0,De=1st Ex=N/A Em=Top Wdw=N/A,01:02.6,8604,0.1,86040,86040,,,,,,,,,
1,1,,1,N15,-,LUM 01sec(1),0,0,0,De=1st Ex=N/A Em=Top Wdw=N/A,01:02.4,7844,0.1,78440,78440,,,,,,,,,
1,1,,1,N16,-,LUM 01sec(1),0,0,0,De=1st Ex=N/A Em=Top Wdw=N/A,01:02.2,7264,0.1,72640,72640,,,,,,,,,
1,1,,1,N17,-,LUM 01sec(1),0,0,0,De=1st Ex=N/A Em=Top Wdw=N/A,01:02.0,7576,0.1,75760,75760,,,,,,,,,
1,1,,1,N18,-,LUM 01sec(1),0,0,0,De=1st Ex=N/A Em=Top Wdw=N/A,01:01.8,8256,0.1,82560,82560,,,,,,,,,
1,1,,1,N19,-,LUM 01sec(1),0,0,0,De=1st Ex=N/A Em=Top Wdw=N/A,01:01.6,8152,0.1,81520,81520,,,,,,,,,
1,1,,1,N20,-,LUM 01sec(1),0,0,0,De=1st Ex=N/A Em=Top Wdw=N/A,01:01.4,8116,0.1,81160,81160,,,,,,,,,
1,1,,1,N21,-,LUM 01sec(1),0,0,0,De=1st Ex=N/A Em=Top Wdw=N/A,01:01.2,7780,0.1,77800,77800,,,,,,,,,
1,1,,1,N22,-,LUM 01sec(1),0,0,0,De=1st Ex=N/A Em=Top Wdw=N/A,01:01.0,7744,0.1,77440,77440,,,,,,,,,
1,1,,1,N23,-,LUM 01sec(1),0,0,0,De=1st Ex=N/A Em=Top Wdw=N/A,01:00.9,84,0.1,840,81160,,,,,,,,,
1,1,,1,N24,-,LUM 01sec(1),0,0,0,De=1st Ex=N/A Em=Top Wdw=N/A,01:00.7,8116,0.1,81160,840,,,,,,,,,
1,1,,1,O01,-,LUM 01sec(1),0,0,0,De=1st Ex=N/A Em=Top Wdw=N/A,01:05.3,9084,0.1,90840,90840,,,,,,,,,
1,1,,1,O02,-,LUM 01sec(1),0,0,0,De=1st Ex=N/A Em=Top Wdw=N/A,01:05.5,8684,0.1,86840,86840,,,,,,,,,
1,1,,1,O03,-,LUM 01sec(1),0,0,0,De=1st Ex=N/A Em=Top Wdw=N/A,01:05.7,7428,0.1,74280,74280,,,,,,,,,
1,1,,1,O04,-,LUM 01sec(1),0,0,0,De=1st Ex=N/A Em=Top Wdw=N/A,01:05.9,8768,0.1,87680,87680,,,,,,,,,
1,1,,1,O05,-,LUM 01sec(1),0,0,0,De=1st Ex=N/A Em=Top Wdw=N/A,01:06.1,8360,0.1,83600,83600,,,,,,,,,
1,1,,1,O06,-,LUM 01sec(1),0,0,0,De=1st Ex=N/A Em=Top Wdw=N/A,01:06.3,8576,0.1,85760,85760,,,,,,,,,
1,1,,1,O07,-,LUM 01sec(1),0,0,0,De=1st Ex=N/A Em=Top Wdw=N/A,01:06.5,8748,0.1,87480,87480,,,,,,,,,
1,1,,1,O08,-,LUM 01sec(1),0,0,0,De=1st Ex=N/A Em=Top Wdw=N/A,01:06.7,8924,0.1,89240,89240,,,,,,,,,
1,1,,1,O09,-,LUM 01sec(1),0,0,0,De=1st Ex=N/A Em=Top Wdw=N/A,01:06.9,8992,0.1,89920,89920,,,,,,,,,
1,1,,1,O10,-,LUM 01sec(1),0,0,0,De=1st Ex=N/A Em=Top Wdw=N/A,01:07.1,8636,0.1,86360,86360,,,,,,,,,
1,1,,1,O11,-,LUM 01sec(1),0,0,0,De=1st Ex=N/A Em=Top Wdw=N/A,01:07.2,8664,0.1,86640,86640,,,,,,,,,
1,1,,1,O12,-,LUM 01sec(1),0,0,0,De=1st Ex=N/A Em=Top Wdw=N/A,01:07.4,7924,0.1,79240,79240,,,,,,,,,
1,1,,1,O13,-,LUM 01sec(1),0,0,0,De=1st Ex=N/A Em=Top Wdw=N/A,01:07.6,8040,0.1,80400,80400,,,,,,,,,
1,1,,1,O14,-,LUM 01sec(1),0,0,0,De=1st Ex=N/A Em=Top Wdw=N/A,01:07.8,8200,0.1,82000,82000,,,,,,,,,
1,1,,1,O15,-,LUM 01sec(1),0,0,0,De=1st Ex=N/A Em=Top Wdw=N/A,01:08.0,8508,0.1,85080,85080,,,,,,,,,
1,1,,1,O16,-,LUM 01sec(1),0,0,0,De=1st Ex=N/A Em=Top Wdw=N/A,01:08.2,8616,0.1,86160,86160,,,,,,,,,
1,1,,1,O17,-,LUM 01sec(1),0,0,0,De=1st Ex=N/A Em=Top Wdw=N/A,01:08.4,8324,0.1,83240,83240,,,,,,,,,
1,1,,1,O18,-,LUM 01sec(1),0,0,0,De=1st Ex=N/A Em=Top Wdw=N/A,01:08.6,7008,0.1,70080,70080,,,,,,,,,
1,1,,1,O19,-,LUM 01sec(1),0,0,0,De=1st Ex=N/A Em=Top Wdw=N/A,01:08.8,8396,0.1,83960,83960,,,,,,,,,
1,1,,1,O20,-,LUM 01sec(1),0,0,0,De=1st Ex=N/A Em=Top Wdw=N/A,01:09.0,8112,0.1,81120,81120,,,,,,,,,
1,1,,1,O21,-,LUM 01sec(1),0,0,0,De=1st Ex=N/A Em=Top Wdw=N/A,01:09.2,7980,0.1,79800,79800,,,,,,,,,
1,1,,1,O22,-,LUM 01sec(1),0,0,0,De=1st Ex=N/A Em=Top Wdw=N/A,01:09.4,6920,0.1,69200,69200,,,,,,,,,
1,1,,1,O23,-,LUM 01sec(1),0,0,0,De=1st Ex=N/A Em=Top Wdw=N/A,01:09.5,80,0.1,800,83000,,,,,,,,,
1,1,,1,O24,-,LUM 01sec(1),0,0,0,De=1st Ex=N/A Em=Top Wdw=N/A,01:09.7,8300,0.1,83000,800,,,,,,,,,
1,1,,1,P01,-,LUM 01sec(1),0,0,0,De=1st Ex=N/A Em=Top Wdw=N/A,01:14.4,8128,0.1,81280,81280,,,,,,,,,
1,1,,1,P02,-,LUM 01sec(1),0,0,0,De=1st Ex=N/A Em=Top Wdw=N/A,01:14.2,8168,0.1,81680,81680,,,,,,,,,
1,1,,1,P03,-,LUM 01sec(1),0,0,0,De=1st Ex=N/A Em=Top Wdw=N/A,01:14.0,8716,0.1,87160,87160,,,,,,,,,
1,1,,1,P04,-,LUM 01sec(1),0,0,0,De=1st Ex=N/A Em=Top Wdw=N/A,01:13.8,8488,0.1,84880,84880,,,,,,,,,
1,1,,1,P05,-,LUM 01sec(1),0,0,0,De=1st Ex=N/A Em=Top Wdw=N/A,01:13.6,8520,0.1,85200,85200,,,,,,,,,
1,1,,1,P06,-,LUM 01sec(1),0,0,0,De=1st Ex=N/A Em=Top Wdw=N/A,01:13.4,8160,0.1,81600,81600,,,,,,,,,
1,1,,1,P07,-,LUM 01sec(1),0,0,0,De=1st Ex=N/A Em=Top Wdw=N/A,01:13.3,8412,0.1,84120,84120,,,,,,,,,
1,1,,1,P08,-,LUM 01sec(1),0,0,0,De=1st Ex=N/A Em=Top Wdw=N/A,01:13.1,8516,0.1,85160,85160,,,,,,,,,
1,1,,1,P09,-,LUM 01sec(1),0,0,0,De=1st Ex=N/A Em=Top Wdw=N/A,01:12.9,8080,0.1,80800,80800,,,,,,,,,
1,1,,1,P10,-,LUM 01sec(1),0,0,0,De=1st Ex=N/A Em=Top Wdw=N/A,01:12.7,8368,0.1,83680,83680,,,,,,,,,
1,1,,1,P11,-,LUM 01sec(1),0,0,0,De=1st Ex=N/A Em=Top Wdw=N/A,01:12.5,8288,0.1,82880,82880,,,,,,,,,
1,1,,1,P12,-,LUM 01sec(1),0,0,0,De=1st Ex=N/A Em=Top Wdw=N/A,01:12.3,7596,0.1,75960,75960,,,,,,,,,
1,1,,1,P13,-,LUM 01sec(1),0,0,0,De=1st Ex=N/A Em=Top Wdw=N/A,01:12.1,7920,0.1,79200,79200,,,,,,,,,
1,1,,1,P14,-,LUM 01sec(1),0,0,0,De=1st Ex=N/A Em=Top Wdw=N/A,01:11.9,7664,0.1,76640,76640,,,,,,,,,
1,1,,1,P15,-,LUM 01sec(1),0,0,0,De=1st Ex=N/A Em=Top Wdw=N/A,01:11.7,8432,0.1,84320,84320,,,,,,,,,
1,1,,1,P16,-,LUM 01sec(1),0,0,0,De=1st Ex=N/A Em=Top Wdw=N/A,01:11.5,7888,0.1,78880,78880,,,,,,,,,
1,1,,1,P17,-,LUM 01sec(1),0,0,0,De=1st Ex=N/A Em=Top Wdw=N/A,01:11.3,8440,0.1,84400,84400,,,,,,,,,
1,1,,1,P18,-,LUM 01sec(1),0,0,0,De=1st Ex=N/A Em=Top Wdw=N/A,01:11.1,7984,0.1,79840,79840,,,,,,,,,
1,1,,1,P19,-,LUM 01sec(1),0,0,0,De=1st Ex=N/A Em=Top Wdw=N/A,01:11.0,8332,0.1,83320,83320,,,,,,,,,
1,1,,1,P20,-,LUM 01sec(1),0,0,0,De=1st Ex=N/A Em=Top Wdw=N/A,01:10.8,8304,0.1,83040,83040,,,,,,,,,
1,1,,1,P21,-,LUM 01sec(1),0,0,0,De=1st Ex=N/A Em=Top Wdw=N/A,01:10.6,5000,0.1,50000,50000,,,,,,,,,
1,1,,1,P22,-,LUM 01sec(1),0,0,0,De=1st Ex=N/A Em=Top Wdw=N/A,01:10.4,8908,0.1,89080,89080,,,,,,,,,
1,1,,1,P23,-,LUM 01sec(1),0,0,0,De=1st Ex=N/A Em=Top Wdw=N/A,01:10.2,56,0.1,560,78680,,,,,,,,,
1,1,,1,P24,-,LUM 01sec(1),0,0,0,De=1st Ex=N/A Em=Top Wdw=N/A,01:10.0,7868,0.1,78680,560,,,,,,,,,
,,,,,,,,,,,,,,,,,,,,,,,,
Basic assay information ,,,,,,,,,,,,,,,,,,,,,,,,
Assay ID: ,,,,4537,,,,,,,,,,,,,,,,,,,,
Assay Started: ,,,,12/13/2021 1:15:07 PM,,,,,,,,,,,,,,,,,,,,
Assay Finished: ,,,,12/13/2021 1:16:33 PM,,,,,,,,,,,,,,,,,,,,
Assay Exported: ,,,,12/13/2021 1:16:33 PM,,,,,,,,,,,,,,,,,,,,
Protocol ID: ,,,,100289,,,,,,,,,,,,,,,,,,,,
Protocol Name: ,,,,Cell Titer Glo,,,,,,,,,,,,,,,,,,,,
Serial#: ,,,,1040940,,,,,,,,,,,,,,,,,,,,
,,,,,,,,,,,,,,,,,,,,,,,,
,,,,,,,,,,,,,,,,,,,,,,,,
,,,,,,,,,,,,,,,,,,,,,,,,
Protocol information,,,,,,,,,,,,,,,,,,,,,,,,
Protocol:,,,,,,,,,,,,,,,,,,,,,,,,
Protocol name,,,,Cell Titer Glo,,,,,,,,,,,,,,,,,,,,
Number of assay repeats,,,,1,,,,,,,,,,,,,,,,,,,,
Start assay repeat each,,,,N/A,,,,,,,,,,,,,,,,,,,,
Number of plate repeats,,,,1,,,,,,,,,,,,,,,,,,,,
Start plate repeat each,,,,N/A,,,,,,,,,,,,,,,,,,,,
Is label meas. height used,,,,Yes,,,,,,,,,,,,,,,,,,,,
Height of measurement,,,,Defined in label,,,,,,,,,,,,,,,,,,,,
Is gripper height used,,,,No,,,,,,,,,,,,,,,,,,,,
Mode of measurement,,,,By Rows  bi-directional,,,,,,,,,,,,,,,,,,,,
Rotated plate,,,,No,,,,,,,,,,,,,,,,,,,,
Soft move,,,,No,,,,,,,,,,,,,,,,,,,,
Protocol notes,,,, ,,,,,,,,,,,,,,,,,,,,
,,,,,,,,,,,,,,,,,,,,,,,,
Plate type:,,,,,,,,,,,,,,,,,,,,,,,,
Name of the plate type,,,,384 CulturePlate PerkinElmer,,,,,,,,,,,,,,,,,,,,
Number of rows,,,,16,,,,,,,,,,,,,,,,,,,,
Number of columns,,,,24,,,,,,,,,,,,,,,,,,,,
Number of the wells in the plate,,,,384,,,,,,,,,,,,,,,,,,,,
Height of the plate,,,,14.61 mm,,,,,,,,,,,,,,,,,,,,
,,,,,,,,,,,,,,,,,,,,,,,,
Coordinates of corners:,,,,,,,,,,,,,,,,,,,,,,,,
384 CulturePlate PerkinElmer,,,,,,,,,,,,,,,,,,,,,,,,
12.15 mm x------------------------------------------------------ x 115.65 mm,,,,,,,,,,,,,,,,,,,,,,,,
9.07 mm                                                            9.07 mm,,,,,,,,,,,,,,,,,,,,,,,,
,,,,,,,,,,,,,,,,,,,,,,,,
12.15 mm x------------------------------------------------------ x 115.65 mm,,,,,,,,,,,,,,,,,,,,,,,,
76.57 mm                                                           76.57 mm,,,,,,,,,,,,,,,,,,,,,,,,
,,,,,,,,,,,,,,,,,,,,,,,,
Platemap:,,,,,,,,,,,,,,,,,,,,,,,,
Plate,,,,1,,,,,,,,,,,,,,,,,,,,
Group,,,,1,,,,,,,,,,,,,,,,,,,,
,,,,,,,,,,,,,,,,,,,,,,,,
,1,2,3,4,5,6,7,8,9,10,11,12,13,14,15,16,17,18,19,20,21,22,23,24
A,- ,- ,- ,- ,- ,- ,- ,- ,- ,- ,- ,- ,- ,- ,- ,- ,- ,- ,- ,- ,- ,- ,- ,- 
B,- ,- ,- ,- ,- ,- ,- ,- ,- ,- ,- ,- ,- ,- ,- ,- ,- ,- ,- ,- ,- ,- ,- ,- 
C,- ,- ,- ,- ,- ,- ,- ,- ,- ,- ,- ,- ,- ,- ,- ,- ,- ,- ,- ,- ,- ,- ,- ,- 
D,- ,- ,- ,- ,- ,- ,- ,- ,- ,- ,- ,- ,- ,- ,- ,- ,- ,- ,- ,- ,- ,- ,- ,- 
E,- ,- ,- ,- ,- ,- ,- ,- ,- ,- ,- ,- ,- ,- ,- ,- ,- ,- ,- ,- ,- ,- ,- ,- 
F,- ,- ,- ,- ,- ,- ,- ,- ,- ,- ,- ,- ,- ,- ,- ,- ,- ,- ,- ,- ,- ,- ,- ,- 
G,- ,- ,- ,- ,- ,- ,- ,- ,- ,- ,- ,- ,- ,- ,- ,- ,- ,- ,- ,- ,- ,- ,- ,- 
H,- ,- ,- ,- ,- ,- ,- ,- ,- ,- ,- ,- ,- ,- ,- ,- ,- ,- ,- ,- ,- ,- ,- ,- 
I,- ,- ,- ,- ,- ,- ,- ,- ,- ,- ,- ,- ,- ,- ,- ,- ,- ,- ,- ,- ,- ,- ,- ,- 
J,- ,- ,- ,- ,- ,- ,- ,- ,- ,- ,- ,- ,- ,- ,- ,- ,- ,- ,- ,- ,- ,- ,- ,- 
K,- ,- ,- ,- ,- ,- ,- ,- ,- ,- ,- ,- ,- ,- ,- ,- ,- ,- ,- ,- ,- ,- ,- ,- 
L,- ,- ,- ,- ,- ,- ,- ,- ,- ,- ,- ,- ,- ,- ,- ,- ,- ,- ,- ,- ,- ,- ,- ,- 
M,- ,- ,- ,- ,- ,- ,- ,- ,- ,- ,- ,- ,- ,- ,- ,- ,- ,- ,- ,- ,- ,- ,- ,- 
N,- ,- ,- ,- ,- ,- ,- ,- ,- ,- ,- ,- ,- ,- ,- ,- ,- ,- ,- ,- ,- ,- ,- ,- 
O,- ,- ,- ,- ,- ,- ,- ,- ,- ,- ,- ,- ,- ,- ,- ,- ,- ,- ,- ,- ,- ,- ,- ,- 
P,- ,- ,- ,- ,- ,- ,- ,- ,- ,- ,- ,- ,- ,- ,- ,- ,- ,- ,- ,- ,- ,- ,- ,- 
,,,,,,,,,,,,,,,,,,,,,,,,
 - - Undefined,,,,,,,,,,,,,,,,,,,,,,,,
,,,,,,,,,,,,,,,,,,,,,,,,
Calculations:,,,,,,,,,,,,,,,,,,,,,,,,
No calculations.,,,,,,,,,,,,,,,,,,,,,,,,
,,,,,,,,,,,,,,,,,,,,,,,,
Auto export parameters:,,,,,,,,,,,,,,,,,,,,,,,,
Export format,,,,ListA,,,,,,,,,,,,,,,,,,,,
Include basic assay information,,,,Yes,,,,,,,,,,,,,,,,,,,,
Place assay information at,,,,End of file,,,,,,,,,,,,,,,,,,,,
Include basic plate information,,,,Yes,,,,,,,,,,,,,,,,,,,,
Place plate information at,,,,Beginning of plate,,,,,,,,,,,,,,,,,,,,
Include protocol information,,,,Yes,,,,,,,,,,,,,,,,,,,,
Protocol info level,,,,Large,,,,,,,,,,,,,,,,,,,,
Include error and warning information,,,,Yes,,,,,,,,,,,,,,,,,,,,
Include background information,,,,Yes,,,,,,,,,,,,,,,,,,,,
Add plate number to the file name,,,,Yes,,,,,,,,,,,,,,,,,,,,
Each plate to separate file,,,,No,,,,,,,,,,,,,,,,,,,,
Field separator to use,,,,System,,,,,,,,,,,,,,,,,,,,
File name format,,,,C:\Documents and Settings\EnVision User\Desktop\CTG_Results\<ProtocolName>_Batch4_<AssayID>.csv,,,,,,,,,,,,,,,,,,,,
Columns (ListA),,,,PlateNumber PlateRepeat Barcode Group Well Sample Label Kinetic ScanX ScanY MeasInfo MeasTime Signal Flashes/Time Result Formula,,,,,,,,,,,,,,,,,,,,
,,,,,,,,,,,,,,,,,,,,,,,,
Operations:,,,,,,,,,,,,,,,,,,,,,,,,
Plate 1,,,,,,,,,,,,,,,,,,,,,,,,
  Group 1,,,,,,,,,,,,,,,,,,,,,,,,
    Measurement,,,,,,,,,,,,,,,,,,,,,,,,
      Label,,,,LUM 01sec(1),,,,,,,,,,,,,,,,,,,,
,,,,,,,,,,,,,,,,,,,,,,,,
Labels:,,,,,,,,,,,,,,,,,,,,,,,,
LUM 01sec,,,,1000004,,,,,,,,,,,,,,,,,,,,
Mirror,,,,Luminescence,,,,,,,,,,,,,,,,,,,,
Ems. filter,,,,Luminescence 700,,,,,,,,,,,,,,,,,,,,
2nd ems. filter,,,,N/A,,,,,,,,,,,,,,,,,,,,
Measurement height,,,,6.5 mm,,,,,,,,,,,,,,,,,,,,
Measurement time,,,,0.1 s,,,,,,,,,,,,,,,,,,,,
Last edited,,,,4/1/2021 11:39:39 AM,,,,,,,,,,,,,,,,,,,,
Last edited by,,,,EnVision,,,,,,,,,,,,,,,,,,,,
Factory preset,,,,No,,,,,,,,,,,,,,,,,,,,
,,,,,,,,,,,,,,,,,,,,,,,,
Filters:,,,,,,,,,,,,,,,,,,,,,,,,
Luminescence 700,,,,212,,,,,,,,,,,,,,,,,,,,
Filter type,,,,Emission,,,,,,,,,,,,,,,,,,,,
Description,,,,LUM WL=400-700nm Tmin=65%,,,,,,,,,,,,,,,,,,,,
Used with,,,,Luminescence Fluorescence Intensity,,,,,,,,,,,,,,,,,,,,
Last edited,,,,2/27/2018 11:01:46 AM,,,,,,,,,,,,,,,,,,,,
Last edited by,,,,EnVision,,,,,,,,,,,,,,,,,,,,
Factory preset,,,,Yes,,,,,,,,,,,,,,,,,,,,
,,,,,,,,,,,,,,,,,,,,,,,,
Mirror modules:,,,,,,,,,,,,,,,,,,,,,,,,
Luminescence,,,,404,,,,,,,,,,,,,,,,,,,,
Used by,,,,Top,,,,,,,,,,,,,,,,,,,,
Dual,,,,No,,,,,,,,,,,,,,,,,,,,
Bias,,,,No,,,,,,,,,,,,,,,,,,,,
Description,,,,LUM,,,,,,,,,,,,,,,,,,,,
Used with,,,,Luminescence Fluorescence Intensity,,,,,,,,,,,,,,,,,,,,
Last edited,,,,3/9/2018 10:14:26 AM,,,,,,,,,,,,,,,,,,,,
Last edited by,,,,EnVision,,,,,,,,,,,,,,,,,,,,
Factory preset,,,,Yes,,,,,,,,,,,,,,,,,,,,
,,,,,,,,,,,,,,,,,,,,,,,,
Instrument:,,,,,,,,,,,,,,,,,,,,,,,,
Serial number,,,,1040940,,,,,,,,,,,,,,,,,,,,
Nickname,,,,EnVision,,,,,,,,,,,,,,,,,,,,
,,,,,,,,,,,,,,,,,,,,,,,,
Normalization:,,,,,,,,,,,,,,,,,,,,,,,,
,,,,,,,,,,,,,,,,,,,,,,,,
,,,,,,,,,,,,,,,,,,,,,,,,
,,,,,,,,,,,,,,,,,,,,,,,,
,,,,,,,,,,,,,,,,,,,,,,,,
,,,,,,,,,,,,,,,,,,,,,,,,
Exported with EnVision Workstation version 1.12,,,,,,,,,,,,,,,,,,,,,,,,
